COLLEGE,Course,Enrollment,Section
Science,Anatomy & Physiology I,52,U104
Business,Business Ethics,51,C301
English,Creative Writing,47,S203
Computer Science,COBOL,45,E102
Business,Introduction to Economics,34,B175
Business,Introduction to Economics,32,B170
Computer Science,C++,32,C307
Science,Organic Chemistry I,32,S204
Business,Business Communication,31,B174
Science,Organic Chemistry I,28,U103
Business,Business Communication,27,B171
Computer Science,C++,27,E101
science,Organic Chemistry I,27,U102
Computer Science,C++,25,C302
Business,Introduction to Economics,22,B176
Computer Science,Introduction to wxWidgets,22,C304
Science,Organic Chemistry II,22,U101
Business,Business Communication,21,B173
Computer Science,C++,21,C306
English,Western Literature,21,S201
business,Introduction to Economics,19,B177
Computer Science,Advanced C++,18,C303
English,Western Literature,16,S202
Business,Report Writing,15,B172
Computer Science,Visual Basic.NET,4,C305
